richness,shannon,simpson,evenness,sample_id
211,4.64319552237989,0.9856848442886609,0.9903785816424164,1
